"Status","Start Time","Stop Time","Duration in ms","Parent Suite","Suite","Sub Suite","Test Class","Test Method","Name","Description"
"skipped","Sun Mar 01 20:23:42 UTC 2026","Sun Mar 01 20:23:42 UTC 2026","1","QA Automation Lab","Clientes Tests","com.cesar.qa.tests.clientes.ClientesTests","com.cesar.qa.tests.clientes.ClientesTests","validarDatosCliente","validarDatosCliente","Valida datos de cliente en grilla contra Excel"
"skipped","Sun Mar 01 20:23:42 UTC 2026","Sun Mar 01 20:23:42 UTC 2026","1","QA Automation Lab","Clientes Tests","com.cesar.qa.tests.clientes.ClientesTests","com.cesar.qa.tests.clientes.ClientesTests","validarDatosCliente","validarDatosCliente","Valida datos de cliente en grilla contra Excel"
"skipped","Sun Mar 01 20:23:42 UTC 2026","Sun Mar 01 20:23:42 UTC 2026","0","QA Automation Lab","Clientes Tests","com.cesar.qa.tests.clientes.ClientesTests","com.cesar.qa.tests.clientes.ClientesTests","validarDatosCliente","validarDatosCliente","Valida datos de cliente en grilla contra Excel"
"skipped","Sun Mar 01 20:23:42 UTC 2026","Sun Mar 01 20:23:42 UTC 2026","0","QA Automation Lab","Clientes Tests","com.cesar.qa.tests.clientes.ClientesTests","com.cesar.qa.tests.clientes.ClientesTests","validarDatosCliente","validarDatosCliente","Valida datos de cliente en grilla contra Excel"
"skipped","Sun Mar 01 20:23:42 UTC 2026","Sun Mar 01 20:23:42 UTC 2026","1","QA Automation Lab","Clientes Tests","com.cesar.qa.tests.clientes.ClientesTests","com.cesar.qa.tests.clientes.ClientesTests","validarDatosCliente","validarDatosCliente","Valida datos de cliente en grilla contra Excel"
"broken","Sun Mar 01 20:23:41 UTC 2026","Sun Mar 01 20:23:41 UTC 2026","1","QA Automation Lab","Clientes Tests","com.cesar.qa.tests.clientes.ClientesTests","com.cesar.qa.tests.clientes.ClientesTests","setupYNavegar","setupYNavegar",""
"skipped","Sun Mar 01 20:23:42 UTC 2026","Sun Mar 01 20:23:42 UTC 2026","0","QA Automation Lab","Clientes Tests","com.cesar.qa.tests.clientes.ClientesTests","com.cesar.qa.tests.clientes.ClientesTests","validarDatosCliente","validarDatosCliente","Valida datos de cliente en grilla contra Excel"
"skipped","Sun Mar 01 20:23:42 UTC 2026","Sun Mar 01 20:23:42 UTC 2026","0","QA Automation Lab","Clientes Tests","com.cesar.qa.tests.clientes.ClientesTests","com.cesar.qa.tests.clientes.ClientesTests","validarDatosCliente","validarDatosCliente","Valida datos de cliente en grilla contra Excel"
"failed","Sun Mar 01 20:23:23 UTC 2026","Sun Mar 01 20:23:24 UTC 2026","825","QA Automation Lab","Login Tests","com.cesar.qa.tests.login.LoginNegativeTests","com.cesar.qa.tests.login.LoginNegativeTests","loginInvalido_muestraError","loginInvalido_muestraError","Verifica que credenciales inválidas muestran mensaje de error"
"skipped","Sun Mar 01 20:23:42 UTC 2026","Sun Mar 01 20:23:42 UTC 2026","1","QA Automation Lab","Clientes Tests","com.cesar.qa.tests.clientes.ClientesTests","com.cesar.qa.tests.clientes.ClientesTests","validarDatosCliente","validarDatosCliente","Valida datos de cliente en grilla contra Excel"
"skipped","Sun Mar 01 20:23:42 UTC 2026","Sun Mar 01 20:23:42 UTC 2026","0","QA Automation Lab","Clientes Tests","com.cesar.qa.tests.clientes.ClientesTests","com.cesar.qa.tests.clientes.ClientesTests","validarDatosCliente","validarDatosCliente","Valida datos de cliente en grilla contra Excel"
"failed","Sun Mar 01 20:23:20 UTC 2026","Sun Mar 01 20:23:21 UTC 2026","835","QA Automation Lab","Login Tests","com.cesar.qa.tests.login.LoginNegativeTests","com.cesar.qa.tests.login.LoginNegativeTests","loginInvalido_muestraError","loginInvalido_muestraError","Verifica que credenciales inválidas muestran mensaje de error"
"skipped","Sun Mar 01 20:23:42 UTC 2026","Sun Mar 01 20:23:42 UTC 2026","0","QA Automation Lab","Clientes Tests","com.cesar.qa.tests.clientes.ClientesTests","com.cesar.qa.tests.clientes.ClientesTests","validarDatosCliente","validarDatosCliente","Valida datos de cliente en grilla contra Excel"
"skipped","Sun Mar 01 20:23:42 UTC 2026","Sun Mar 01 20:23:42 UTC 2026","0","QA Automation Lab","Clientes Tests","com.cesar.qa.tests.clientes.ClientesTests","com.cesar.qa.tests.clientes.ClientesTests","validarDatosCliente","validarDatosCliente","Valida datos de cliente en grilla contra Excel"
"skipped","Sun Mar 01 20:23:42 UTC 2026","Sun Mar 01 20:23:42 UTC 2026","0","QA Automation Lab","Clientes Tests","com.cesar.qa.tests.clientes.ClientesTests","com.cesar.qa.tests.clientes.ClientesTests","validarDatosCliente","validarDatosCliente","Valida datos de cliente en grilla contra Excel"
"skipped","Sun Mar 01 20:23:42 UTC 2026","Sun Mar 01 20:23:42 UTC 2026","1","QA Automation Lab","Clientes Tests","com.cesar.qa.tests.clientes.ClientesTests","com.cesar.qa.tests.clientes.ClientesTests","validarDatosCliente","validarDatosCliente","Valida datos de cliente en grilla contra Excel"
"skipped","Sun Mar 01 20:23:42 UTC 2026","Sun Mar 01 20:23:42 UTC 2026","0","QA Automation Lab","Clientes Tests","com.cesar.qa.tests.clientes.ClientesTests","com.cesar.qa.tests.clientes.ClientesTests","validarDatosCliente","validarDatosCliente","Valida datos de cliente en grilla contra Excel"
"skipped","Sun Mar 01 20:23:42 UTC 2026","Sun Mar 01 20:23:42 UTC 2026","1","QA Automation Lab","Clientes Tests","com.cesar.qa.tests.clientes.ClientesTests","com.cesar.qa.tests.clientes.ClientesTests","validarDatosCliente","validarDatosCliente","Valida datos de cliente en grilla contra Excel"
"skipped","Sun Mar 01 20:23:42 UTC 2026","Sun Mar 01 20:23:42 UTC 2026","0","QA Automation Lab","Clientes Tests","com.cesar.qa.tests.clientes.ClientesTests","com.cesar.qa.tests.clientes.ClientesTests","validarDatosCliente","validarDatosCliente","Valida datos de cliente en grilla contra Excel"
"skipped","Sun Mar 01 20:23:42 UTC 2026","Sun Mar 01 20:23:42 UTC 2026","0","QA Automation Lab","Clientes Tests","com.cesar.qa.tests.clientes.ClientesTests","com.cesar.qa.tests.clientes.ClientesTests","validarDatosCliente","validarDatosCliente","Valida datos de cliente en grilla contra Excel"
"skipped","Sun Mar 01 20:23:42 UTC 2026","Sun Mar 01 20:23:42 UTC 2026","1","QA Automation Lab","Clientes Tests","com.cesar.qa.tests.clientes.ClientesTests","com.cesar.qa.tests.clientes.ClientesTests","validarDatosCliente","validarDatosCliente","Valida datos de cliente en grilla contra Excel"
"skipped","Sun Mar 01 20:23:42 UTC 2026","Sun Mar 01 20:23:42 UTC 2026","0","QA Automation Lab","Clientes Tests","com.cesar.qa.tests.clientes.ClientesTests","com.cesar.qa.tests.clientes.ClientesTests","validarDatosCliente","validarDatosCliente","Valida datos de cliente en grilla contra Excel"
"skipped","Sun Mar 01 20:23:42 UTC 2026","Sun Mar 01 20:23:42 UTC 2026","0","QA Automation Lab","Clientes Tests","com.cesar.qa.tests.clientes.ClientesTests","com.cesar.qa.tests.clientes.ClientesTests","validarDatosCliente","validarDatosCliente","Valida datos de cliente en grilla contra Excel"
"skipped","Sun Mar 01 20:23:42 UTC 2026","Sun Mar 01 20:23:42 UTC 2026","0","QA Automation Lab","Clientes Tests","com.cesar.qa.tests.clientes.ClientesTests","com.cesar.qa.tests.clientes.ClientesTests","validarDatosCliente","validarDatosCliente","Valida datos de cliente en grilla contra Excel"
"skipped","Sun Mar 01 20:23:42 UTC 2026","Sun Mar 01 20:23:42 UTC 2026","0","QA Automation Lab","Clientes Tests","com.cesar.qa.tests.clientes.ClientesTests","com.cesar.qa.tests.clientes.ClientesTests","validarDatosCliente","validarDatosCliente","Valida datos de cliente en grilla contra Excel"
"skipped","Sun Mar 01 20:23:42 UTC 2026","Sun Mar 01 20:23:42 UTC 2026","1","QA Automation Lab","Clientes Tests","com.cesar.qa.tests.clientes.ClientesTests","com.cesar.qa.tests.clientes.ClientesTests","validarDatosCliente","validarDatosCliente","Valida datos de cliente en grilla contra Excel"
"skipped","Sun Mar 01 20:23:42 UTC 2026","Sun Mar 01 20:23:42 UTC 2026","0","QA Automation Lab","Clientes Tests","com.cesar.qa.tests.clientes.ClientesTests","com.cesar.qa.tests.clientes.ClientesTests","validarDatosCliente","validarDatosCliente","Valida datos de cliente en grilla contra Excel"
"failed","Sun Mar 01 20:23:27 UTC 2026","Sun Mar 01 20:23:27 UTC 2026","389","QA Automation Lab","Login Tests","com.cesar.qa.tests.login.LoginNegativeTests","com.cesar.qa.tests.login.LoginNegativeTests","loginInvalido_muestraError","loginInvalido_muestraError","Verifica que credenciales inválidas muestran mensaje de error"
"skipped","Sun Mar 01 20:23:42 UTC 2026","Sun Mar 01 20:23:42 UTC 2026","0","QA Automation Lab","Clientes Tests","com.cesar.qa.tests.clientes.ClientesTests","com.cesar.qa.tests.clientes.ClientesTests","validarDatosCliente","validarDatosCliente","Valida datos de cliente en grilla contra Excel"
"skipped","Sun Mar 01 20:23:42 UTC 2026","Sun Mar 01 20:23:42 UTC 2026","0","QA Automation Lab","Clientes Tests","com.cesar.qa.tests.clientes.ClientesTests","com.cesar.qa.tests.clientes.ClientesTests","validarDatosCliente","validarDatosCliente","Valida datos de cliente en grilla contra Excel"
"skipped","Sun Mar 01 20:23:42 UTC 2026","Sun Mar 01 20:23:42 UTC 2026","0","QA Automation Lab","Clientes Tests","com.cesar.qa.tests.clientes.ClientesTests","com.cesar.qa.tests.clientes.ClientesTests","validarDatosCliente","validarDatosCliente","Valida datos de cliente en grilla contra Excel"
"skipped","Sun Mar 01 20:23:42 UTC 2026","Sun Mar 01 20:23:42 UTC 2026","0","QA Automation Lab","Clientes Tests","com.cesar.qa.tests.clientes.ClientesTests","com.cesar.qa.tests.clientes.ClientesTests","validarDatosCliente","validarDatosCliente","Valida datos de cliente en grilla contra Excel"
"skipped","Sun Mar 01 20:23:42 UTC 2026","Sun Mar 01 20:23:42 UTC 2026","0","QA Automation Lab","Clientes Tests","com.cesar.qa.tests.clientes.ClientesTests","com.cesar.qa.tests.clientes.ClientesTests","validarDatosCliente","validarDatosCliente","Valida datos de cliente en grilla contra Excel"
"skipped","Sun Mar 01 20:23:42 UTC 2026","Sun Mar 01 20:23:42 UTC 2026","0","QA Automation Lab","Clientes Tests","com.cesar.qa.tests.clientes.ClientesTests","com.cesar.qa.tests.clientes.ClientesTests","validarDatosCliente","validarDatosCliente","Valida datos de cliente en grilla contra Excel"
"skipped","Sun Mar 01 20:23:42 UTC 2026","Sun Mar 01 20:23:42 UTC 2026","1","QA Automation Lab","Clientes Tests","com.cesar.qa.tests.clientes.ClientesTests","com.cesar.qa.tests.clientes.ClientesTests","validarDatosCliente","validarDatosCliente","Valida datos de cliente en grilla contra Excel"
"skipped","Sun Mar 01 20:23:42 UTC 2026","Sun Mar 01 20:23:42 UTC 2026","0","QA Automation Lab","Clientes Tests","com.cesar.qa.tests.clientes.ClientesTests","com.cesar.qa.tests.clientes.ClientesTests","validarDatosCliente","validarDatosCliente","Valida datos de cliente en grilla contra Excel"
"skipped","Sun Mar 01 20:23:42 UTC 2026","Sun Mar 01 20:23:42 UTC 2026","0","QA Automation Lab","Clientes Tests","com.cesar.qa.tests.clientes.ClientesTests","com.cesar.qa.tests.clientes.ClientesTests","validarDatosCliente","validarDatosCliente","Valida datos de cliente en grilla contra Excel"
"skipped","Sun Mar 01 20:23:42 UTC 2026","Sun Mar 01 20:23:42 UTC 2026","0","QA Automation Lab","Clientes Tests","com.cesar.qa.tests.clientes.ClientesTests","com.cesar.qa.tests.clientes.ClientesTests","validarDatosCliente","validarDatosCliente","Valida datos de cliente en grilla contra Excel"
"skipped","Sun Mar 01 20:23:42 UTC 2026","Sun Mar 01 20:23:42 UTC 2026","1","QA Automation Lab","Clientes Tests","com.cesar.qa.tests.clientes.ClientesTests","com.cesar.qa.tests.clientes.ClientesTests","validarDatosCliente","validarDatosCliente","Valida datos de cliente en grilla contra Excel"
"skipped","Sun Mar 01 20:23:42 UTC 2026","Sun Mar 01 20:23:42 UTC 2026","0","QA Automation Lab","Clientes Tests","com.cesar.qa.tests.clientes.ClientesTests","com.cesar.qa.tests.clientes.ClientesTests","validarDatosCliente","validarDatosCliente","Valida datos de cliente en grilla contra Excel"
"skipped","Sun Mar 01 20:23:42 UTC 2026","Sun Mar 01 20:23:42 UTC 2026","0","QA Automation Lab","Clientes Tests","com.cesar.qa.tests.clientes.ClientesTests","com.cesar.qa.tests.clientes.ClientesTests","validarDatosCliente","validarDatosCliente","Valida datos de cliente en grilla contra Excel"
"skipped","Sun Mar 01 20:23:42 UTC 2026","Sun Mar 01 20:23:42 UTC 2026","0","QA Automation Lab","Clientes Tests","com.cesar.qa.tests.clientes.ClientesTests","com.cesar.qa.tests.clientes.ClientesTests","validarDatosCliente","validarDatosCliente","Valida datos de cliente en grilla contra Excel"
"skipped","Sun Mar 01 20:23:42 UTC 2026","Sun Mar 01 20:23:42 UTC 2026","1","QA Automation Lab","Clientes Tests","com.cesar.qa.tests.clientes.ClientesTests","com.cesar.qa.tests.clientes.ClientesTests","validarDatosCliente","validarDatosCliente","Valida datos de cliente en grilla contra Excel"
"skipped","Sun Mar 01 20:23:42 UTC 2026","Sun Mar 01 20:23:42 UTC 2026","0","QA Automation Lab","Clientes Tests","com.cesar.qa.tests.clientes.ClientesTests","com.cesar.qa.tests.clientes.ClientesTests","validarDatosCliente","validarDatosCliente","Valida datos de cliente en grilla contra Excel"
"skipped","Sun Mar 01 20:23:42 UTC 2026","Sun Mar 01 20:23:42 UTC 2026","0","QA Automation Lab","Clientes Tests","com.cesar.qa.tests.clientes.ClientesTests","com.cesar.qa.tests.clientes.ClientesTests","validarDatosCliente","validarDatosCliente","Valida datos de cliente en grilla contra Excel"
"skipped","Sun Mar 01 20:23:42 UTC 2026","Sun Mar 01 20:23:42 UTC 2026","1","QA Automation Lab","Clientes Tests","com.cesar.qa.tests.clientes.ClientesTests","com.cesar.qa.tests.clientes.ClientesTests","validarDatosCliente","validarDatosCliente","Valida datos de cliente en grilla contra Excel"
"skipped","Sun Mar 01 20:23:42 UTC 2026","Sun Mar 01 20:23:42 UTC 2026","0","QA Automation Lab","Clientes Tests","com.cesar.qa.tests.clientes.ClientesTests","com.cesar.qa.tests.clientes.ClientesTests","validarDatosCliente","validarDatosCliente","Valida datos de cliente en grilla contra Excel"
"failed","Sun Mar 01 20:23:12 UTC 2026","Sun Mar 01 20:23:14 UTC 2026","2071","QA Automation Lab","Login Tests","com.cesar.qa.tests.login.LoginPositiveTests","com.cesar.qa.tests.login.LoginPositiveTests","clickLoginSinTipear","clickLoginSinTipear","Verifica que click en Login sin credenciales no rompe la app"
"skipped","Sun Mar 01 20:23:42 UTC 2026","Sun Mar 01 20:23:42 UTC 2026","1","QA Automation Lab","Clientes Tests","com.cesar.qa.tests.clientes.ClientesTests","com.cesar.qa.tests.clientes.ClientesTests","validarDatosCliente","validarDatosCliente","Valida datos de cliente en grilla contra Excel"
"skipped","Sun Mar 01 20:23:42 UTC 2026","Sun Mar 01 20:23:42 UTC 2026","1","QA Automation Lab","Clientes Tests","com.cesar.qa.tests.clientes.ClientesTests","com.cesar.qa.tests.clientes.ClientesTests","validarDatosCliente","validarDatosCliente","Valida datos de cliente en grilla contra Excel"
"skipped","Sun Mar 01 20:23:42 UTC 2026","Sun Mar 01 20:23:42 UTC 2026","0","QA Automation Lab","Clientes Tests","com.cesar.qa.tests.clientes.ClientesTests","com.cesar.qa.tests.clientes.ClientesTests","validarDatosCliente","validarDatosCliente","Valida datos de cliente en grilla contra Excel"
"skipped","Sun Mar 01 20:23:42 UTC 2026","Sun Mar 01 20:23:42 UTC 2026","0","QA Automation Lab","Clientes Tests","com.cesar.qa.tests.clientes.ClientesTests","com.cesar.qa.tests.clientes.ClientesTests","validarDatosCliente","validarDatosCliente","Valida datos de cliente en grilla contra Excel"
"skipped","Sun Mar 01 20:23:42 UTC 2026","Sun Mar 01 20:23:42 UTC 2026","0","QA Automation Lab","Clientes Tests","com.cesar.qa.tests.clientes.ClientesTests","com.cesar.qa.tests.clientes.ClientesTests","validarDatosCliente","validarDatosCliente","Valida datos de cliente en grilla contra Excel"
"skipped","Sun Mar 01 20:23:42 UTC 2026","Sun Mar 01 20:23:42 UTC 2026","0","QA Automation Lab","Clientes Tests","com.cesar.qa.tests.clientes.ClientesTests","com.cesar.qa.tests.clientes.ClientesTests","validarDatosCliente","validarDatosCliente","Valida datos de cliente en grilla contra Excel"
"skipped","Sun Mar 01 20:23:42 UTC 2026","Sun Mar 01 20:23:42 UTC 2026","0","QA Automation Lab","Clientes Tests","com.cesar.qa.tests.clientes.ClientesTests","com.cesar.qa.tests.clientes.ClientesTests","validarDatosCliente","validarDatosCliente","Valida datos de cliente en grilla contra Excel"
"skipped","Sun Mar 01 20:23:42 UTC 2026","Sun Mar 01 20:23:42 UTC 2026","0","QA Automation Lab","Clientes Tests","com.cesar.qa.tests.clientes.ClientesTests","com.cesar.qa.tests.clientes.ClientesTests","validarDatosCliente","validarDatosCliente","Valida datos de cliente en grilla contra Excel"
"skipped","Sun Mar 01 20:23:42 UTC 2026","Sun Mar 01 20:23:42 UTC 2026","0","QA Automation Lab","Clientes Tests","com.cesar.qa.tests.clientes.ClientesTests","com.cesar.qa.tests.clientes.ClientesTests","validarDatosCliente","validarDatosCliente","Valida datos de cliente en grilla contra Excel"
"skipped","Sun Mar 01 20:23:42 UTC 2026","Sun Mar 01 20:23:42 UTC 2026","0","QA Automation Lab","Clientes Tests","com.cesar.qa.tests.clientes.ClientesTests","com.cesar.qa.tests.clientes.ClientesTests","validarDatosCliente","validarDatosCliente","Valida datos de cliente en grilla contra Excel"
"skipped","Sun Mar 01 20:23:42 UTC 2026","Sun Mar 01 20:23:42 UTC 2026","0","QA Automation Lab","Clientes Tests","com.cesar.qa.tests.clientes.ClientesTests","com.cesar.qa.tests.clientes.ClientesTests","validarDatosCliente","validarDatosCliente","Valida datos de cliente en grilla contra Excel"
"skipped","Sun Mar 01 20:23:42 UTC 2026","Sun Mar 01 20:23:42 UTC 2026","1","QA Automation Lab","Clientes Tests","com.cesar.qa.tests.clientes.ClientesTests","com.cesar.qa.tests.clientes.ClientesTests","validarDatosCliente","validarDatosCliente","Valida datos de cliente en grilla contra Excel"
"skipped","Sun Mar 01 20:23:42 UTC 2026","Sun Mar 01 20:23:42 UTC 2026","0","QA Automation Lab","Clientes Tests","com.cesar.qa.tests.clientes.ClientesTests","com.cesar.qa.tests.clientes.ClientesTests","validarDatosCliente","validarDatosCliente","Valida datos de cliente en grilla contra Excel"
"skipped","Sun Mar 01 20:23:42 UTC 2026","Sun Mar 01 20:23:42 UTC 2026","0","QA Automation Lab","Clientes Tests","com.cesar.qa.tests.clientes.ClientesTests","com.cesar.qa.tests.clientes.ClientesTests","validarDatosCliente","validarDatosCliente","Valida datos de cliente en grilla contra Excel"
"skipped","Sun Mar 01 20:23:42 UTC 2026","Sun Mar 01 20:23:42 UTC 2026","0","QA Automation Lab","Clientes Tests","com.cesar.qa.tests.clientes.ClientesTests","com.cesar.qa.tests.clientes.ClientesTests","validarDatosCliente","validarDatosCliente","Valida datos de cliente en grilla contra Excel"
"skipped","Sun Mar 01 20:23:42 UTC 2026","Sun Mar 01 20:23:42 UTC 2026","0","QA Automation Lab","Clientes Tests","com.cesar.qa.tests.clientes.ClientesTests","com.cesar.qa.tests.clientes.ClientesTests","validarDatosCliente","validarDatosCliente","Valida datos de cliente en grilla contra Excel"
"skipped","Sun Mar 01 20:23:42 UTC 2026","Sun Mar 01 20:23:42 UTC 2026","0","QA Automation Lab","Clientes Tests","com.cesar.qa.tests.clientes.ClientesTests","com.cesar.qa.tests.clientes.ClientesTests","validarDatosCliente","validarDatosCliente","Valida datos de cliente en grilla contra Excel"
"skipped","Sun Mar 01 20:23:42 UTC 2026","Sun Mar 01 20:23:42 UTC 2026","0","QA Automation Lab","Clientes Tests","com.cesar.qa.tests.clientes.ClientesTests","com.cesar.qa.tests.clientes.ClientesTests","validarDatosCliente","validarDatosCliente","Valida datos de cliente en grilla contra Excel"
"skipped","Sun Mar 01 20:23:42 UTC 2026","Sun Mar 01 20:23:42 UTC 2026","0","QA Automation Lab","Clientes Tests","com.cesar.qa.tests.clientes.ClientesTests","com.cesar.qa.tests.clientes.ClientesTests","validarDatosCliente","validarDatosCliente","Valida datos de cliente en grilla contra Excel"
"skipped","Sun Mar 01 20:23:42 UTC 2026","Sun Mar 01 20:23:42 UTC 2026","1","QA Automation Lab","Clientes Tests","com.cesar.qa.tests.clientes.ClientesTests","com.cesar.qa.tests.clientes.ClientesTests","validarDatosCliente","validarDatosCliente","Valida datos de cliente en grilla contra Excel"
"skipped","Sun Mar 01 20:23:42 UTC 2026","Sun Mar 01 20:23:42 UTC 2026","0","QA Automation Lab","Clientes Tests","com.cesar.qa.tests.clientes.ClientesTests","com.cesar.qa.tests.clientes.ClientesTests","validarDatosCliente","validarDatosCliente","Valida datos de cliente en grilla contra Excel"
"skipped","Sun Mar 01 20:23:42 UTC 2026","Sun Mar 01 20:23:42 UTC 2026","1","QA Automation Lab","Clientes Tests","com.cesar.qa.tests.clientes.ClientesTests","com.cesar.qa.tests.clientes.ClientesTests","validarDatosCliente","validarDatosCliente","Valida datos de cliente en grilla contra Excel"
"skipped","Sun Mar 01 20:23:42 UTC 2026","Sun Mar 01 20:23:42 UTC 2026","1","QA Automation Lab","Clientes Tests","com.cesar.qa.tests.clientes.ClientesTests","com.cesar.qa.tests.clientes.ClientesTests","validarDatosCliente","validarDatosCliente","Valida datos de cliente en grilla contra Excel"
"skipped","Sun Mar 01 20:23:42 UTC 2026","Sun Mar 01 20:23:42 UTC 2026","0","QA Automation Lab","Clientes Tests","com.cesar.qa.tests.clientes.ClientesTests","com.cesar.qa.tests.clientes.ClientesTests","validarDatosCliente","validarDatosCliente","Valida datos de cliente en grilla contra Excel"
"skipped","Sun Mar 01 20:23:42 UTC 2026","Sun Mar 01 20:23:42 UTC 2026","1","QA Automation Lab","Clientes Tests","com.cesar.qa.tests.clientes.ClientesTests","com.cesar.qa.tests.clientes.ClientesTests","validarDatosCliente","validarDatosCliente","Valida datos de cliente en grilla contra Excel"
"skipped","Sun Mar 01 20:23:42 UTC 2026","Sun Mar 01 20:23:42 UTC 2026","0","QA Automation Lab","Clientes Tests","com.cesar.qa.tests.clientes.ClientesTests","com.cesar.qa.tests.clientes.ClientesTests","validarDatosCliente","validarDatosCliente","Valida datos de cliente en grilla contra Excel"
"skipped","Sun Mar 01 20:23:42 UTC 2026","Sun Mar 01 20:23:42 UTC 2026","1","QA Automation Lab","Clientes Tests","com.cesar.qa.tests.clientes.ClientesTests","com.cesar.qa.tests.clientes.ClientesTests","validarDatosCliente","validarDatosCliente","Valida datos de cliente en grilla contra Excel"
"skipped","Sun Mar 01 20:23:42 UTC 2026","Sun Mar 01 20:23:42 UTC 2026","0","QA Automation Lab","Clientes Tests","com.cesar.qa.tests.clientes.ClientesTests","com.cesar.qa.tests.clientes.ClientesTests","validarDatosCliente","validarDatosCliente","Valida datos de cliente en grilla contra Excel"
"skipped","Sun Mar 01 20:23:42 UTC 2026","Sun Mar 01 20:23:42 UTC 2026","7","QA Automation Lab","Clientes Tests","com.cesar.qa.tests.clientes.ClientesTests","com.cesar.qa.tests.clientes.ClientesTests","validarDatosCliente","validarDatosCliente","Valida datos de cliente en grilla contra Excel"
"skipped","Sun Mar 01 20:23:42 UTC 2026","Sun Mar 01 20:23:42 UTC 2026","0","QA Automation Lab","Clientes Tests","com.cesar.qa.tests.clientes.ClientesTests","com.cesar.qa.tests.clientes.ClientesTests","validarDatosCliente","validarDatosCliente","Valida datos de cliente en grilla contra Excel"
"skipped","Sun Mar 01 20:23:42 UTC 2026","Sun Mar 01 20:23:42 UTC 2026","1","QA Automation Lab","Clientes Tests","com.cesar.qa.tests.clientes.ClientesTests","com.cesar.qa.tests.clientes.ClientesTests","validarDatosCliente","validarDatosCliente","Valida datos de cliente en grilla contra Excel"
"skipped","Sun Mar 01 20:23:42 UTC 2026","Sun Mar 01 20:23:42 UTC 2026","1","QA Automation Lab","Clientes Tests","com.cesar.qa.tests.clientes.ClientesTests","com.cesar.qa.tests.clientes.ClientesTests","validarDatosCliente","validarDatosCliente","Valida datos de cliente en grilla contra Excel"
"skipped","Sun Mar 01 20:23:42 UTC 2026","Sun Mar 01 20:23:42 UTC 2026","0","QA Automation Lab","Clientes Tests","com.cesar.qa.tests.clientes.ClientesTests","com.cesar.qa.tests.clientes.ClientesTests","validarDatosCliente","validarDatosCliente","Valida datos de cliente en grilla contra Excel"
"skipped","Sun Mar 01 20:23:42 UTC 2026","Sun Mar 01 20:23:42 UTC 2026","0","QA Automation Lab","Clientes Tests","com.cesar.qa.tests.clientes.ClientesTests","com.cesar.qa.tests.clientes.ClientesTests","validarDatosCliente","validarDatosCliente","Valida datos de cliente en grilla contra Excel"
"skipped","Sun Mar 01 20:23:42 UTC 2026","Sun Mar 01 20:23:42 UTC 2026","0","QA Automation Lab","Clientes Tests","com.cesar.qa.tests.clientes.ClientesTests","com.cesar.qa.tests.clientes.ClientesTests","validarDatosCliente","validarDatosCliente","Valida datos de cliente en grilla contra Excel"
"skipped","Sun Mar 01 20:23:42 UTC 2026","Sun Mar 01 20:23:42 UTC 2026","1","QA Automation Lab","Clientes Tests","com.cesar.qa.tests.clientes.ClientesTests","com.cesar.qa.tests.clientes.ClientesTests","validarDatosCliente","validarDatosCliente","Valida datos de cliente en grilla contra Excel"
"skipped","Sun Mar 01 20:23:42 UTC 2026","Sun Mar 01 20:23:42 UTC 2026","0","QA Automation Lab","Clientes Tests","com.cesar.qa.tests.clientes.ClientesTests","com.cesar.qa.tests.clientes.ClientesTests","validarDatosCliente","validarDatosCliente","Valida datos de cliente en grilla contra Excel"
"skipped","Sun Mar 01 20:23:42 UTC 2026","Sun Mar 01 20:23:42 UTC 2026","1","QA Automation Lab","Clientes Tests","com.cesar.qa.tests.clientes.ClientesTests","com.cesar.qa.tests.clientes.ClientesTests","validarDatosCliente","validarDatosCliente","Valida datos de cliente en grilla contra Excel"
"skipped","Sun Mar 01 20:23:42 UTC 2026","Sun Mar 01 20:23:42 UTC 2026","0","QA Automation Lab","Clientes Tests","com.cesar.qa.tests.clientes.ClientesTests","com.cesar.qa.tests.clientes.ClientesTests","validarDatosCliente","validarDatosCliente","Valida datos de cliente en grilla contra Excel"
"skipped","Sun Mar 01 20:23:42 UTC 2026","Sun Mar 01 20:23:42 UTC 2026","1","QA Automation Lab","Clientes Tests","com.cesar.qa.tests.clientes.ClientesTests","com.cesar.qa.tests.clientes.ClientesTests","validarDatosCliente","validarDatosCliente","Valida datos de cliente en grilla contra Excel"
"skipped","Sun Mar 01 20:23:42 UTC 2026","Sun Mar 01 20:23:42 UTC 2026","0","QA Automation Lab","Clientes Tests","com.cesar.qa.tests.clientes.ClientesTests","com.cesar.qa.tests.clientes.ClientesTests","validarDatosCliente","validarDatosCliente","Valida datos de cliente en grilla contra Excel"
"skipped","Sun Mar 01 20:23:42 UTC 2026","Sun Mar 01 20:23:42 UTC 2026","0","QA Automation Lab","Clientes Tests","com.cesar.qa.tests.clientes.ClientesTests","com.cesar.qa.tests.clientes.ClientesTests","validarDatosCliente","validarDatosCliente","Valida datos de cliente en grilla contra Excel"
"skipped","Sun Mar 01 20:23:42 UTC 2026","Sun Mar 01 20:23:42 UTC 2026","1","QA Automation Lab","Clientes Tests","com.cesar.qa.tests.clientes.ClientesTests","com.cesar.qa.tests.clientes.ClientesTests","validarDatosCliente","validarDatosCliente","Valida datos de cliente en grilla contra Excel"
"failed","Sun Mar 01 20:23:16 UTC 2026","Sun Mar 01 20:23:18 UTC 2026","1662","QA Automation Lab","Login Tests","com.cesar.qa.tests.login.LoginPositiveTests","com.cesar.qa.tests.login.LoginPositiveTests","loginValido_deberiaIngresar","loginValido_deberiaIngresar","Verifica login exitoso con credenciales válidas"
"skipped","Sun Mar 01 20:23:42 UTC 2026","Sun Mar 01 20:23:42 UTC 2026","0","QA Automation Lab","Clientes Tests","com.cesar.qa.tests.clientes.ClientesTests","com.cesar.qa.tests.clientes.ClientesTests","validarDatosCliente","validarDatosCliente","Valida datos de cliente en grilla contra Excel"
"skipped","Sun Mar 01 20:23:42 UTC 2026","Sun Mar 01 20:23:42 UTC 2026","0","QA Automation Lab","Clientes Tests","com.cesar.qa.tests.clientes.ClientesTests","com.cesar.qa.tests.clientes.ClientesTests","validarDatosCliente","validarDatosCliente","Valida datos de cliente en grilla contra Excel"
"skipped","Sun Mar 01 20:23:42 UTC 2026","Sun Mar 01 20:23:42 UTC 2026","0","QA Automation Lab","Clientes Tests","com.cesar.qa.tests.clientes.ClientesTests","com.cesar.qa.tests.clientes.ClientesTests","validarDatosCliente","validarDatosCliente","Valida datos de cliente en grilla contra Excel"
"skipped","Sun Mar 01 20:23:42 UTC 2026","Sun Mar 01 20:23:42 UTC 2026","0","QA Automation Lab","Clientes Tests","com.cesar.qa.tests.clientes.ClientesTests","com.cesar.qa.tests.clientes.ClientesTests","validarDatosCliente","validarDatosCliente","Valida datos de cliente en grilla contra Excel"
"skipped","Sun Mar 01 20:23:42 UTC 2026","Sun Mar 01 20:23:42 UTC 2026","0","QA Automation Lab","Clientes Tests","com.cesar.qa.tests.clientes.ClientesTests","com.cesar.qa.tests.clientes.ClientesTests","validarDatosCliente","validarDatosCliente","Valida datos de cliente en grilla contra Excel"
